<?xml version="1.0" encoding="UTF-8"?>
<module codename="org.jreserve.grscript.gui.branding">
    <module_version install_time="1367090616225" last="true" origin="installer" specification_version="1.0">
        <file crc="68503883" name="config/Modules/org-jreserve-grscript-gui-branding.xml"/>
        <file crc="3176159698" name="core/locale/core_grscript_gui.jar"/>
        <file crc="817798615" name="modules/locale/org-netbeans-core-windows_grscript_gui.jar"/>
        <file crc="1055089915" name="modules/locale/org-netbeans-core_grscript_gui.jar"/>
        <file crc="2164920199" name="modules/org-jreserve-grscript-gui-branding.jar"/>
        <file crc="1631203027" name="update_tracking/org-jreserve-grscript-gui-branding.xml"/>
    </module_version>
</module>
