<?xml version="1.0" encoding="UTF-8"?>
<module codename="org.jreserve.grscript.gui.branding">
    <module_version install_time="1369121248797" last="true" origin="installer" specification_version="1.0">
        <file crc="68503883" name="config/Modules/org-jreserve-grscript-gui-branding.xml"/>
        <file crc="3696759522" name="core/locale/core_grscript_gui.jar"/>
        <file crc="2183671028" name="modules/locale/org-netbeans-core-windows_grscript_gui.jar"/>
        <file crc="119372889" name="modules/locale/org-netbeans-core_grscript_gui.jar"/>
        <file crc="1072366936" name="modules/org-jreserve-grscript-gui-branding.jar"/>
        <file crc="1078239271" name="update_tracking/org-jreserve-grscript-gui-branding.xml"/>
    </module_version>
</module>
