<?xml version="1.0" encoding="UTF-8"?>
<module codename="org.jreserve.grscript.gui.grscript">
    <module_version install_time="1369868172531" last="true" origin="installer" specification_version="1.0">
        <file crc="2582367319" name="config/Modules/org-jreserve-grscript-gui-grscript.xml"/>
        <file crc="3858031784" name="modules/ext/bouncycastle/bcmail-jdk14-138.jar"/>
        <file crc="401457712" name="modules/ext/bouncycastle/bcprov-jdk14-138.jar"/>
        <file crc="97639625" name="modules/ext/com.lowagie/itext-2.1.5.jar"/>
        <file crc="1831638089" name="modules/ext/org.codehaus.groovy/groovy-all-2.1.3.jar"/>
        <file crc="3299800097" name="modules/ext/org.jfree/jcommon-1.0.17.jar"/>
        <file crc="3281100986" name="modules/ext/org.jfree/jfreechart-1.0.14.jar"/>
        <file crc="566664588" name="modules/ext/org.jreserve/grscript-1.0-SNAPSHOT.jar"/>
        <file crc="1700884812" name="modules/ext/org.jreserve/jrlib-1.0-SNAPSHOT.jar"/>
        <file crc="2669779638" name="modules/ext/xml-apis/xml-apis-1.3.04.jar"/>
        <file crc="4215233107" name="modules/org-jreserve-grscript-gui-grscript.jar"/>
    </module_version>
</module>
