<?xml version="1.0" encoding="UTF-8"?>
<module codename="org.jreserve.grscript.gui.grscript">
    <module_version install_time="1369250188556" last="true" origin="installer" specification_version="1.0">
        <file crc="2582367319" name="config/Modules/org-jreserve-grscript-gui-grscript.xml"/>
        <file crc="1831638089" name="modules/ext/org.codehaus.groovy/groovy-all-2.1.3.jar"/>
        <file crc="4146626830" name="modules/ext/org.jreserve/grscript-1.0-SNAPSHOT.jar"/>
        <file crc="1466526867" name="modules/ext/org.jreserve/jrlib-1.0-SNAPSHOT.jar"/>
        <file crc="1948389493" name="modules/org-jreserve-grscript-gui-grscript.jar"/>
        <file crc="2287601219" name="update_tracking/org-jreserve-grscript-gui-grscript.xml"/>
    </module_version>
</module>
