<?xml version="1.0" encoding="UTF-8"?>
<module codename="org.jreserve.grscript.gui.branding">
    <module_version install_time="1369250187413" last="true" origin="installer" specification_version="1.0">
        <file crc="68503883" name="config/Modules/org-jreserve-grscript-gui-branding.xml"/>
        <file crc="3385111279" name="core/locale/core_grscript_gui.jar"/>
        <file crc="1737597721" name="modules/locale/org-netbeans-core-windows_grscript_gui.jar"/>
        <file crc="2724969616" name="modules/locale/org-netbeans-core_grscript_gui.jar"/>
        <file crc="2637493760" name="modules/org-jreserve-grscript-gui-branding.jar"/>
        <file crc="162347244" name="update_tracking/org-jreserve-grscript-gui-branding.xml"/>
    </module_version>
</module>
