<?xml version="1.0" encoding="UTF-8"?>
<module codename="org.netbeans.spi.quicksearch">
    <module_version install_time="1369778870620" last="true" origin="installer" specification_version="1.14.1">
        <file crc="2420451830" name="config/Modules/org-netbeans-spi-quicksearch.xml"/>
        <file crc="4165131919" name="modules/locale/org-netbeans-spi-quicksearch_ja.jar"/>
        <file crc="3794401281" name="modules/locale/org-netbeans-spi-quicksearch_pt_BR.jar"/>
        <file crc="1298101775" name="modules/locale/org-netbeans-spi-quicksearch_ru.jar"/>
        <file crc="2047092461" name="modules/locale/org-netbeans-spi-quicksearch_zh_CN.jar"/>
        <file crc="1959308638" name="modules/org-netbeans-spi-quicksearch.jar"/>
    </module_version>
</module>
