<?xml version="1.0" encoding="UTF-8"?>
<module codename="org.netbeans.libs.osgi">
    <module_version install_time="1369953099655" last="true" origin="installer" specification_version="1.9.1">
        <file crc="3882420389" name="config/Modules/org-netbeans-libs-osgi.xml"/>
        <file crc="986080646" name="modules/ext/osgi.cmpn-4.2.jar"/>
        <file crc="4117707173" name="modules/ext/osgi.core-4.3.jar"/>
        <file crc="2102899604" name="modules/locale/org-netbeans-libs-osgi_ja.jar"/>
        <file crc="1147398611" name="modules/locale/org-netbeans-libs-osgi_pt_BR.jar"/>
        <file crc="3616722800" name="modules/locale/org-netbeans-libs-osgi_ru.jar"/>
        <file crc="439302488" name="modules/locale/org-netbeans-libs-osgi_zh_CN.jar"/>
        <file crc="313702341" name="modules/org-netbeans-libs-osgi.jar"/>
    </module_version>
</module>
