<?xml version="1.0" encoding="UTF-8"?>
<module codename="org.openide.util">
    <module_version install_time="1369291319443" last="true" origin="installer" specification_version="8.25.1">
        <file crc="3298874072" name="config/ModuleAutoDeps/org-openide-util.xml"/>
        <file crc="1955654473" name="lib/locale/org-openide-util_ja.jar"/>
        <file crc="1723070582" name="lib/locale/org-openide-util_pt_BR.jar"/>
        <file crc="803738155" name="lib/locale/org-openide-util_ru.jar"/>
        <file crc="332353932" name="lib/locale/org-openide-util_zh_CN.jar"/>
        <file crc="2415981790" name="lib/org-openide-util.jar"/>
    </module_version>
</module>
