<?xml version="1.0" encoding="UTF-8"?>
<module codename="org.netbeans.modules.editor.mimelookup.impl/1">
    <module_version install_time="1367422856096" last="true" origin="installer" specification_version="1.18.1">
        <file crc="3019873507" name="config/Modules/org-netbeans-modules-editor-mimelookup-impl.xml"/>
        <file crc="1839215697" name="modules/locale/org-netbeans-modules-editor-mimelookup-impl_ja.jar"/>
        <file crc="2082796857" name="modules/locale/org-netbeans-modules-editor-mimelookup-impl_pt_BR.jar"/>
        <file crc="2985323289" name="modules/locale/org-netbeans-modules-editor-mimelookup-impl_ru.jar"/>
        <file crc="1186378533" name="modules/locale/org-netbeans-modules-editor-mimelookup-impl_zh_CN.jar"/>
        <file crc="2323110085" name="modules/org-netbeans-modules-editor-mimelookup-impl.jar"/>
    </module_version>
</module>
