<?xml version="1.0" encoding="UTF-8"?>
<module codename="org.netbeans.core.windows/2">
    <module_version install_time="1369778863304" last="true" origin="installer" specification_version="2.49.1">
        <file crc="1059846727" name="config/Modules/org-netbeans-core-windows.xml"/>
        <file crc="3304423292" name="modules/locale/org-netbeans-core-windows_ja.jar"/>
        <file crc="2847237290" name="modules/locale/org-netbeans-core-windows_pt_BR.jar"/>
        <file crc="3086710909" name="modules/locale/org-netbeans-core-windows_ru.jar"/>
        <file crc="2195931453" name="modules/locale/org-netbeans-core-windows_zh_CN.jar"/>
        <file crc="1452051022" name="modules/org-netbeans-core-windows.jar"/>
    </module_version>
</module>
