<?xml version="1.0" encoding="UTF-8"?>
<module codename="org.netbeans.core.netigso">
    <module_version install_time="1367422853895" last="true" origin="installer" specification_version="1.16.1">
        <file crc="3723901005" name="config/Modules/org-netbeans-core-netigso.xml"/>
        <file crc="2746767414" name="modules/locale/org-netbeans-core-netigso_ja.jar"/>
        <file crc="3785251700" name="modules/locale/org-netbeans-core-netigso_pt_BR.jar"/>
        <file crc="1541722344" name="modules/locale/org-netbeans-core-netigso_ru.jar"/>
        <file crc="1153366668" name="modules/locale/org-netbeans-core-netigso_zh_CN.jar"/>
        <file crc="3616656439" name="modules/org-netbeans-core-netigso.jar"/>
    </module_version>
</module>
