<?xml version="1.0" encoding="UTF-8"?>
<module codename="org.netbeans.modules.progress.ui">
    <module_version install_time="1367422857611" last="true" origin="installer" specification_version="1.20.1">
        <file crc="3222128542" name="config/Modules/org-netbeans-modules-progress-ui.xml"/>
        <file crc="3598387000" name="modules/locale/org-netbeans-modules-progress-ui_ja.jar"/>
        <file crc="4233691574" name="modules/locale/org-netbeans-modules-progress-ui_pt_BR.jar"/>
        <file crc="4048821888" name="modules/locale/org-netbeans-modules-progress-ui_ru.jar"/>
        <file crc="1646227128" name="modules/locale/org-netbeans-modules-progress-ui_zh_CN.jar"/>
        <file crc="3379630673" name="modules/org-netbeans-modules-progress-ui.jar"/>
    </module_version>
</module>
