<?xml version="1.0" encoding="UTF-8"?>
<module codename="org.netbeans.modules.masterfs/2">
    <module_version install_time="1369291316365" last="true" origin="installer" specification_version="2.38.1">
        <file crc="1644917168" name="config/Modules/org-netbeans-modules-masterfs.xml"/>
        <file crc="1154301194" name="modules/locale/org-netbeans-modules-masterfs_ja.jar"/>
        <file crc="805347621" name="modules/locale/org-netbeans-modules-masterfs_pt_BR.jar"/>
        <file crc="2245873333" name="modules/locale/org-netbeans-modules-masterfs_ru.jar"/>
        <file crc="1214259610" name="modules/locale/org-netbeans-modules-masterfs_zh_CN.jar"/>
        <file crc="1833560564" name="modules/org-netbeans-modules-masterfs.jar"/>
    </module_version>
</module>
