<?xml version="1.0" encoding="UTF-8"?>
<module codename="org.netbeans.swing.outline">
    <module_version install_time="1367072018844" last="true" origin="installer" specification_version="1.20.1">
        <file crc="3679534386" name="config/Modules/org-netbeans-swing-outline.xml"/>
        <file crc="2003923045" name="modules/locale/org-netbeans-swing-outline_ja.jar"/>
        <file crc="2634151377" name="modules/locale/org-netbeans-swing-outline_pt_BR.jar"/>
        <file crc="4081713901" name="modules/locale/org-netbeans-swing-outline_ru.jar"/>
        <file crc="2972067774" name="modules/locale/org-netbeans-swing-outline_zh_CN.jar"/>
        <file crc="2993789654" name="modules/org-netbeans-swing-outline.jar"/>
    </module_version>
</module>
