<?xml version="1.0" encoding="UTF-8"?>
<module codename="org.netbeans.modules.autoupdate.ui">
    <module_version install_time="1367290594994" last="true" origin="installer" specification_version="1.27.1">
        <file crc="123778612" name="config/Modules/org-netbeans-modules-autoupdate-ui.xml"/>
        <file crc="833092132" name="modules/locale/org-netbeans-modules-autoupdate-ui_ja.jar"/>
        <file crc="4034057307" name="modules/locale/org-netbeans-modules-autoupdate-ui_pt_BR.jar"/>
        <file crc="3657202347" name="modules/locale/org-netbeans-modules-autoupdate-ui_ru.jar"/>
        <file crc="3646766614" name="modules/locale/org-netbeans-modules-autoupdate-ui_zh_CN.jar"/>
        <file crc="4143458156" name="modules/org-netbeans-modules-autoupdate-ui.jar"/>
    </module_version>
</module>
