<?xml version="1.0" encoding="UTF-8"?>
<module codename="org.openide.io">
    <module_version install_time="1369953105826" last="true" origin="installer" specification_version="1.31.1">
        <file crc="3834804485" name="config/Modules/org-openide-io.xml"/>
        <file crc="1280576536" name="modules/locale/org-openide-io_ja.jar"/>
        <file crc="754417612" name="modules/locale/org-openide-io_pt_BR.jar"/>
        <file crc="2124024304" name="modules/locale/org-openide-io_ru.jar"/>
        <file crc="1927762974" name="modules/locale/org-openide-io_zh_CN.jar"/>
        <file crc="2025951292" name="modules/org-openide-io.jar"/>
    </module_version>
</module>
