<?xml version="1.0" encoding="UTF-8"?>
<module codename="org.openide.util.enumerations">
    <module_version install_time="1369331155171" last="true" origin="installer" specification_version="6.21.1">
        <file crc="4290833959" name="config/Modules/org-openide-util-enumerations.xml"/>
        <file crc="18673619" name="modules/locale/org-openide-util-enumerations_ja.jar"/>
        <file crc="776150879" name="modules/locale/org-openide-util-enumerations_pt_BR.jar"/>
        <file crc="2834039752" name="modules/locale/org-openide-util-enumerations_ru.jar"/>
        <file crc="2079486953" name="modules/locale/org-openide-util-enumerations_zh_CN.jar"/>
        <file crc="625822483" name="modules/org-openide-util-enumerations.jar"/>
    </module_version>
</module>
