<?xml version="1.0" encoding="UTF-8"?>
<module codename="org.netbeans.modules.masterfs.windows">
    <module_version install_time="1367340182577" last="true" origin="installer" specification_version="1.1.1">
        <file crc="2941073432" name="config/Modules/org-netbeans-modules-masterfs-windows.xml"/>
        <file crc="2361246711" name="modules/locale/org-netbeans-modules-masterfs-windows_ja.jar"/>
        <file crc="560156063" name="modules/locale/org-netbeans-modules-masterfs-windows_pt_BR.jar"/>
        <file crc="4059395977" name="modules/locale/org-netbeans-modules-masterfs-windows_ru.jar"/>
        <file crc="589070014" name="modules/locale/org-netbeans-modules-masterfs-windows_zh_CN.jar"/>
        <file crc="526939700" name="modules/org-netbeans-modules-masterfs-windows.jar"/>
    </module_version>
</module>
