<?xml version="1.0" encoding="UTF-8"?>
<module codename="org.netbeans.modules.keyring">
    <module_version install_time="1369331152857" last="true" origin="installer" specification_version="1.11.1">
        <file crc="3581559990" name="config/Modules/org-netbeans-modules-keyring.xml"/>
        <file crc="2321813598" name="modules/locale/org-netbeans-modules-keyring_ja.jar"/>
        <file crc="3516875111" name="modules/locale/org-netbeans-modules-keyring_pt_BR.jar"/>
        <file crc="2802051863" name="modules/locale/org-netbeans-modules-keyring_ru.jar"/>
        <file crc="683936113" name="modules/locale/org-netbeans-modules-keyring_zh_CN.jar"/>
        <file crc="2659803088" name="modules/org-netbeans-modules-keyring.jar"/>
    </module_version>
</module>
