<?xml version="1.0" encoding="UTF-8"?>
<module codename="org.netbeans.modules.settings/1">
    <module_version install_time="1369819543317" last="true" origin="installer" specification_version="1.35.1">
        <file crc="554047262" name="config/Modules/org-netbeans-modules-settings.xml"/>
        <file crc="449914919" name="modules/locale/org-netbeans-modules-settings_ja.jar"/>
        <file crc="3411127982" name="modules/locale/org-netbeans-modules-settings_pt_BR.jar"/>
        <file crc="857537064" name="modules/locale/org-netbeans-modules-settings_ru.jar"/>
        <file crc="2543981437" name="modules/locale/org-netbeans-modules-settings_zh_CN.jar"/>
        <file crc="521453630" name="modules/org-netbeans-modules-settings.jar"/>
    </module_version>
</module>
