<?xml version="1.0" encoding="UTF-8"?>
<module codename="org.netbeans.libs.jsr223/1">
    <module_version install_time="1367422855284" last="true" origin="installer" specification_version="1.23.1">
        <file crc="1051087422" name="config/Modules/org-netbeans-libs-jsr223.xml"/>
        <file crc="3894916240" name="modules/locale/org-netbeans-libs-jsr223_ja.jar"/>
        <file crc="3309704327" name="modules/locale/org-netbeans-libs-jsr223_pt_BR.jar"/>
        <file crc="140292828" name="modules/locale/org-netbeans-libs-jsr223_ru.jar"/>
        <file crc="1514902240" name="modules/locale/org-netbeans-libs-jsr223_zh_CN.jar"/>
        <file crc="3520543537" name="modules/org-netbeans-libs-jsr223.jar"/>
    </module_version>
</module>
