<?xml version="1.0" encoding="UTF-8"?>
<module codename="org.netbeans.core.output2/1">
    <module_version install_time="1366875524657" last="true" origin="installer" specification_version="1.26.1">
        <file crc="1198063063" name="config/Modules/org-netbeans-core-output2.xml"/>
        <file crc="2813506773" name="modules/locale/org-netbeans-core-output2_ja.jar"/>
        <file crc="1111404474" name="modules/locale/org-netbeans-core-output2_pt_BR.jar"/>
        <file crc="853527029" name="modules/locale/org-netbeans-core-output2_ru.jar"/>
        <file crc="1934678884" name="modules/locale/org-netbeans-core-output2_zh_CN.jar"/>
        <file crc="2138600852" name="modules/org-netbeans-core-output2.jar"/>
    </module_version>
</module>
